{"info":{"_postman_id":"080d95b0-5505-4fdd-a497-49f7f9a77fdc","name":"DovizCinsi","schema":"https://schema.getpostman.com/json/collection/v2.1.0/collection.json"},"item":[{"name":"getDovizCinsi","id":"225ce3b8-bd06-450c-ba39-d9d385197140","protocolProfileBehavior":{"disableBodyPruning":true},"request":{"method":"GET","header":[],"body":{"mode":"raw","raw":"{\n    \"id\": null\n}","options":{"raw":{"language":"json"}}},"url":{"raw":"http://localhost:8000/dovizcinsi/","protocol":"http","host":["localhost"],"port":"8000","path":["dovizcinsi",""]}},"response":[]},{"name":"saveDovizCinsi","id":"691f05b7-e1ff-42ea-b181-32c43c241938","protocolProfileBehavior":{"disableBodyPruning":true},"request":{"method":"POST","header":[],"body":{"mode":"raw","raw":"{\n    \"id\": 5,\n    \"ad\": \"ssssSTERLIN\"\n}","options":{"raw":{"language":"json"}}},"url":{"raw":"http://localhost:8000/dovizcinsi","protocol":"http","host":["localhost"],"port":"8000","path":["dovizcinsi"]}},"response":[]},{"name":"delDovizCinsi","id":"2ce9ea7c-59d5-4537-b650-afc0eac7e921","protocolProfileBehavior":{"disableBodyPruning":true},"request":{"method":"DELETE","header":[],"url":{"raw":"http://localhost:8000/dovizcinsi/5","protocol":"http","host":["localhost"],"port":"8000","path":["dovizcinsi","5"]}},"response":[]}]}