{"info":{"_postman_id":"19df358a-c85e-4bc3-95ba-018823062b1e","name":"HesapAltKart","schema":"https://schema.getpostman.com/json/collection/v2.1.0/collection.json"},"item":[{"name":"getAltKart","id":"d97f6228-9e07-4c1b-972f-580aed4d1c4d","protocolProfileBehavior":{"disableBodyPruning":true},"request":{"method":"GET","header":[],"body":{"mode":"raw","raw":"{\n    \"id\": null\n}","options":{"raw":{"language":"json"}}},"url":{"raw":"http://localhost:8000/hesapaltkart","protocol":"http","host":["localhost"],"port":"8000","path":["hesapaltkart"]}},"response":[]},{"name":"saveAltKart","id":"85941c07-8dea-41ad-84f0-7ac04df9df61","protocolProfileBehavior":{"disableBodyPruning":true},"request":{"method":"POST","header":[],"body":{"mode":"raw","raw":"{\n    \"id\": 8888,\n    \"ad\":\" sil\",\n    \"hesapkartId\" : 7400303\n}","options":{"raw":{"language":"json"}}},"url":{"raw":"http://localhost:8000/hesapaltkart","protocol":"http","host":["localhost"],"port":"8000","path":["hesapaltkart"]}},"response":[]},{"name":"delAltKart","id":"1fb81a6b-c29b-41f6-b39c-164d37790109","protocolProfileBehavior":{"disableBodyPruning":true},"request":{"method":"DELETE","header":[],"url":{"raw":"http://localhost:8000/hesapaltkart/8888","protocol":"http","host":["localhost"],"port":"8000","path":["hesapaltkart","8888"]}},"response":[]}]}