{"info":{"_postman_id":"2335a47f-67b4-4df4-9fe0-73cc5aa630ae","name":"ForecastPersonel","schema":"https://schema.getpostman.com/json/collection/v2.1.0/collection.json"},"item":[{"name":"getForecastPersonel","id":"d9dfcf84-c3e0-4d2e-b28f-2a1ac77a9173","protocolProfileBehavior":{"disableBodyPruning":true},"request":{"method":"GET","header":[],"body":{"mode":"raw","raw":"{\n    \"id\": null\n}","options":{"raw":{"language":"json"}}},"url":{"raw":"http://localhost:8000/forecastpersonel","protocol":"http","host":["localhost"],"port":"8000","path":["forecastpersonel"]}},"response":[]},{"name":"saveForecastPersonel","id":"83832638-6613-4bc1-a14a-f1bdff452540","protocolProfileBehavior":{"disableBodyPruning":true},"request":{"method":"POST","header":[],"body":{"mode":"raw","raw":"{\n    \"id\": 6,\n    \"calisma_gun\": 3,\n    \"gunluk_maliyet\": 254,\n    \"toplam_maliyet\": null,\n    \"butceperiodId\": null,\n    \"personelId\": null,\n    \"updatedAt\": \"2022-10-16T11:33:18.236Z\",\n    \"createdAt\": \"2022-10-16T11:33:18.236Z\"\n}","options":{"raw":{"language":"json"}}},"url":{"raw":"http://localhost:8000/forecastpersonel","protocol":"http","host":["localhost"],"port":"8000","path":["forecastpersonel"]}},"response":[]},{"name":"delForecastPersonel","id":"5290cdda-1eb8-4f17-b19f-f31c9983e335","protocolProfileBehavior":{"disableBodyPruning":true},"request":{"method":"DELETE","header":[],"url":{"raw":"http://localhost:8000/forecastpersonel/4","protocol":"http","host":["localhost"],"port":"8000","path":["forecastpersonel","4"]}},"response":[]}]}