{"info":{"_postman_id":"2d6702f1-8a2a-43fd-a3e1-4e27bdbf4ac4","name":"MaliyetHesapYontem","schema":"https://schema.getpostman.com/json/collection/v2.1.0/collection.json"},"item":[{"name":"getMaliyetHesapYontem","id":"d23c2e61-18c9-4f6c-993b-b2886f3fbcae","protocolProfileBehavior":{"disableBodyPruning":true},"request":{"method":"GET","header":[],"body":{"mode":"raw","raw":"{\n    \"id\": 2\n}","options":{"raw":{"language":"json"}}},"url":{"raw":"http://localhost:8000/maliyethesapyontem","protocol":"http","host":["localhost"],"port":"8000","path":["maliyethesapyontem"]}},"response":[]},{"name":"saveMaliyetHesapYontem","id":"a4ebb372-a485-4b8b-a243-8c900df8deb0","protocolProfileBehavior":{"disableBodyPruning":true},"request":{"method":"POST","header":[],"body":{"mode":"raw","raw":"{\n    \"id\": 2,\n    \"ad\":\"hesap\",\n    \"formul\":\"açıklama\"\n}","options":{"raw":{"language":"json"}}},"url":{"raw":"http://localhost:8000/maliyethesapyontem","protocol":"http","host":["localhost"],"port":"8000","path":["maliyethesapyontem"]}},"response":[]},{"name":"delMaliyetHesapYontem","id":"bddcc016-7c71-490d-8b6b-2c1096c932ee","protocolProfileBehavior":{"disableBodyPruning":true},"request":{"method":"DELETE","header":[],"url":{"raw":"http://localhost:8000/maliyethesapyontem/3","protocol":"http","host":["localhost"],"port":"8000","path":["maliyethesapyontem","3"]}},"response":[]}]}