{"info":{"_postman_id":"3778bd52-540b-4626-b2b5-3e3525e2e64d","name":"ButcePeriod","schema":"https://schema.getpostman.com/json/collection/v2.1.0/collection.json"},"item":[{"name":"getButcePeriod","id":"8a71b1d9-b64e-45b1-a0cb-f5c32246ac35","protocolProfileBehavior":{"disableBodyPruning":true},"request":{"method":"GET","header":[],"body":{"mode":"raw","raw":"{\n    \"id\": null\n}","options":{"raw":{"language":"json"}}},"url":{"raw":"http://localhost:8000/butceperiod/","protocol":"http","host":["localhost"],"port":"8000","path":["butceperiod",""]}},"response":[]},{"name":"saveButcePeriod","id":"43a26f7c-4cb9-4942-978f-49d32c239014","protocolProfileBehavior":{"disableBodyPruning":true},"request":{"method":"POST","header":[],"body":{"mode":"raw","raw":"{\n    \"id\": null,\n    \"ad\": \"update\",\n    \"baslama_tarihi\": null,\n    \"bitis_tarihi\": null,\n    \"oran\": 1,\n    \"butceId\": null\n}","options":{"raw":{"language":"json"}}},"url":{"raw":"http://localhost:8000/butceperiod","protocol":"http","host":["localhost"],"port":"8000","path":["butceperiod"]}},"response":[]},{"name":"delButcePeriod","id":"24c0dba2-9195-41b3-8c2c-7d0d1f2b9423","protocolProfileBehavior":{"disableBodyPruning":true},"request":{"method":"DELETE","header":[],"url":{"raw":"http://localhost:8000/butceperiod/2","protocol":"http","host":["localhost"],"port":"8000","path":["butceperiod","2"]}},"response":[]}]}