{"info":{"_postman_id":"37c25b5e-9ab4-4d10-97c9-48afd9403386","name":"ForecastOda","schema":"https://schema.getpostman.com/json/collection/v2.1.0/collection.json"},"item":[{"name":"getForecastOda","id":"118b3eb3-c9e4-44ec-a18c-36e8f2515d02","protocolProfileBehavior":{"disableBodyPruning":true},"request":{"method":"GET","header":[],"body":{"mode":"raw","raw":"{\n    \"id\": 3\n}","options":{"raw":{"language":"json"}}},"url":{"raw":"http://localhost:8000/forecastoda","protocol":"http","host":["localhost"],"port":"8000","path":["forecastoda"]}},"response":[]},{"name":"saveForecastOda","id":"7e11f6b7-e143-462e-80fd-0d4c1db12752","protocolProfileBehavior":{"disableBodyPruning":true},"request":{"method":"POST","header":[],"body":{"mode":"raw","raw":"{\n    \"doluluk_oran\": 0.65,\n    \"indirim_oran\": null,\n    \"geceleme_sayisi\": null,\n    \"maliyet_fiyat\": null,\n    \"satis_fiyat\": null,\n    \"odaId\": null,\n    \"butceperiodId\": null,\n    \"maliyethesapyontemId\": null,\n    \"fiyatlamayontemId\": null,\n    \"updatedAt\": \"2022-10-16T11:04:27.752Z\",\n    \"createdAt\": \"2022-10-16T11:04:27.752Z\"\n}","options":{"raw":{"language":"json"}}},"url":{"raw":"http://localhost:8000/forecastoda","protocol":"http","host":["localhost"],"port":"8000","path":["forecastoda"]}},"response":[]},{"name":"delForecastOda","id":"484702b8-a0b1-402b-a64e-39e51b2bd344","protocolProfileBehavior":{"disableBodyPruning":true},"request":{"method":"DELETE","header":[],"url":{"raw":"http://localhost:8000/forecastoda/4","protocol":"http","host":["localhost"],"port":"8000","path":["forecastoda","4"]}},"response":[]}]}