{"info":{"_postman_id":"4e300408-1516-41ad-9d8c-c2a28c566bc7","name":"HesapGrup","schema":"https://schema.getpostman.com/json/collection/v2.1.0/collection.json"},"item":[{"name":"getHesapGrup","id":"a16c153a-2954-44d5-9ee7-8a21b9000e8d","protocolProfileBehavior":{"disableBodyPruning":true},"request":{"method":"GET","header":[],"body":{"mode":"raw","raw":"{\n    \"id\": null\n}","options":{"raw":{"language":"json"}}},"url":{"raw":"http://localhost:8000/hesapgrup","protocol":"http","host":["localhost"],"port":"8000","path":["hesapgrup"]}},"response":[]},{"name":"saveHesapGrup","id":"c5f12dcc-ea49-4a60-813f-536e5e88811e","protocolProfileBehavior":{"disableBodyPruning":true},"request":{"method":"POST","header":[],"body":{"mode":"raw","raw":"{\n    \"id\": 4777,\n    \"ad\": \"assasa\",\n    \"hesapsinifId\": 9\n}","options":{"raw":{"language":"json"}}},"url":{"raw":"http://localhost:8000/hesapgrup/","protocol":"http","host":["localhost"],"port":"8000","path":["hesapgrup",""]}},"response":[]},{"name":"delHesapGrup","id":"08bfa3e4-7904-4c79-9b9d-e740a1ad6bdd","protocolProfileBehavior":{"disableBodyPruning":true},"request":{"method":"DELETE","header":[],"url":{"raw":"http://localhost:8000/hesapgrup/4777","protocol":"http","host":["localhost"],"port":"8000","path":["hesapgrup","4777"]}},"response":[]}]}