{"info":{"_postman_id":"5e481600-9fdc-4267-b94d-cb8059f81c57","name":"FiyatlamaYontem","schema":"https://schema.getpostman.com/json/collection/v2.1.0/collection.json"},"item":[{"name":"getFiyatlamaYontem","id":"f22c4836-604a-44bf-ad37-68e8bb1cc3c2","protocolProfileBehavior":{"disableBodyPruning":true},"request":{"method":"GET","header":[],"body":{"mode":"raw","raw":"{\n    \"id\": 2\n}","options":{"raw":{"language":"json"}}},"url":{"raw":"http://localhost:8000/fiyatlamayontem/","protocol":"http","host":["localhost"],"port":"8000","path":["fiyatlamayontem",""]}},"response":[]},{"name":"saveFiyatlamaYontem","id":"eea2c2ef-046a-4bd9-831d-bc9b8faeb8d7","protocolProfileBehavior":{"disableBodyPruning":true},"request":{"method":"POST","header":[],"body":{"mode":"raw","raw":"{\n    \"id\":3,\n    \"ad\":\"Maliyet+Kar\",\n    \"formul\":\"Maliyet hesapla istediğin karı ekle.\"\n}","options":{"raw":{"language":"json"}}},"url":{"raw":"http://localhost:8000/fiyatlamayontem","protocol":"http","host":["localhost"],"port":"8000","path":["fiyatlamayontem"]}},"response":[]},{"name":"delFiyatlamaYontem","id":"315eb9e4-455a-42d6-8534-c782ee7fb191","protocolProfileBehavior":{"disableBodyPruning":true},"request":{"method":"DELETE","header":[],"url":{"raw":"http://localhost:8000/fiyatlamayontem/5","protocol":"http","host":["localhost"],"port":"8000","path":["fiyatlamayontem","5"]}},"response":[]}]}