{"info":{"_postman_id":"9ebae9ff-cf73-4509-b061-444607e03403","name":"ForecastDigerGelirGider","schema":"https://schema.getpostman.com/json/collection/v2.1.0/collection.json"},"item":[{"name":"getForecastDigerGelirGider","id":"546ebe5b-ac27-4e33-bc7c-69cbcd6b04d6","protocolProfileBehavior":{"disableBodyPruning":true},"request":{"method":"GET","header":[],"body":{"mode":"raw","raw":"{\n    \"id\": 6\n}","options":{"raw":{"language":"json"}}},"url":{"raw":"http://localhost:8000/forecastdigergelirgider/","protocol":"http","host":["localhost"],"port":"8000","path":["forecastdigergelirgider",""]}},"response":[]},{"name":"saveForecastDigerGelirGider","id":"5453546e-6334-45be-b083-d5147110317b","protocolProfileBehavior":{"disableBodyPruning":true},"request":{"method":"POST","header":[],"body":{"mode":"raw","raw":"{\n    \"miktar\": 587,\n    \"satis_fiyat\": 25.45,\n    \"maliyet_fiyat\": null,\n    \"maliyethesapyontemId\": null,\n    \"fiyatlamayontemId\": null,\n    \"butceperiodId\": null,\n    \"digergelirgiderId\": null\n}","options":{"raw":{"language":"json"}}},"url":{"raw":"http://localhost:8000/forecastdigergelirgider","protocol":"http","host":["localhost"],"port":"8000","path":["forecastdigergelirgider"]}},"response":[]},{"name":"delForecastDigerGelirGider","id":"7126d499-c945-4b14-ac11-9bf886154f91","protocolProfileBehavior":{"disableBodyPruning":true},"request":{"method":"DELETE","header":[],"url":{"raw":"http://localhost:8000/forecastdigergelirgider/5","protocol":"http","host":["localhost"],"port":"8000","path":["forecastdigergelirgider","5"]}},"response":[]}]}