{"info":{"_postman_id":"a21f0876-3b53-44e5-bef1-eba3f0cfa1bb","name":"Oda","schema":"https://schema.getpostman.com/json/collection/v2.1.0/collection.json"},"item":[{"name":"getOda","id":"516e801b-4a09-47e0-b91c-7dc4b0e24111","protocolProfileBehavior":{"disableBodyPruning":true},"request":{"method":"GET","header":[],"body":{"mode":"raw","raw":"{\n    \"id\": null\n}","options":{"raw":{"language":"json"}}},"url":{"raw":"http://localhost:8000/oda","protocol":"http","host":["localhost"],"port":"8000","path":["oda"]}},"response":[]},{"name":"saveOda","id":"966480fa-59cc-4c40-9c24-b927a4aa2d28","protocolProfileBehavior":{"disableBodyPruning":true},"request":{"method":"POST","header":[],"body":{"mode":"raw","raw":"{\n    \"id\": null,\n    \"ad\": \"oda lüks\",\n    \"tipi\": null,\n    \"adet\": 652,\n    \"yatak\": null,\n    \"konum\": null,\n    \"oran\": null,\n    \"hesapaltkartId\": null,\n    \"updatedAt\": \"2022-10-17T09:04:52.163Z\",\n    \"createdAt\": \"2022-10-17T09:04:52.163Z\"\n}","options":{"raw":{"language":"json"}}},"url":{"raw":"http://localhost:8000/oda","protocol":"http","host":["localhost"],"port":"8000","path":["oda"]}},"response":[]},{"name":"delOda","id":"3b10f3d7-f38c-40eb-9e67-321ed6f30faa","protocolProfileBehavior":{"disableBodyPruning":true},"request":{"method":"DELETE","header":[],"url":{"raw":"http://localhost:8000/oda/2","protocol":"http","host":["localhost"],"port":"8000","path":["oda","2"]}},"response":[]}]}