{"info":{"_postman_id":"c16f3c9c-3939-4cef-b826-d31e5493f565","name":"Yemek","schema":"https://schema.getpostman.com/json/collection/v2.1.0/collection.json"},"item":[{"name":"getYemek","id":"9e12d17c-0feb-4a45-81d9-ed8d43bb2c86","protocolProfileBehavior":{"disableBodyPruning":true},"request":{"method":"GET","header":[],"body":{"mode":"raw","raw":"{\n    \"id\": null\n}","options":{"raw":{"language":"json"}}},"url":{"raw":"http://localhost:8000/yemek","protocol":"http","host":["localhost"],"port":"8000","path":["yemek"]}},"response":[]},{"name":"saveYemek","id":"f9fe03f8-e70e-424b-8503-377e51963f97","protocolProfileBehavior":{"disableBodyPruning":true},"request":{"method":"POST","header":[],"body":{"mode":"raw","raw":"{\n    \"id\": null,\n    \"ad\": \"çorba\",\n    \"gelirmi\": null,\n    \"birim_fiyat\": null,\n    \"aciklama\": null,\n    \"yemekgrupId\": null,\n    \"birimId\": null,\n    \"hesapaltkartId\": null,\n    \"updatedAt\": \"2022-10-17T09:41:07.914Z\",\n    \"createdAt\": \"2022-10-17T09:41:07.914Z\"\n}","options":{"raw":{"language":"json"}}},"url":{"raw":"http://localhost:8000/yemek","protocol":"http","host":["localhost"],"port":"8000","path":["yemek"]}},"response":[]},{"name":"delYemek","id":"20821b6a-f5e4-4aff-bacb-f47e4e6bcb3c","protocolProfileBehavior":{"disableBodyPruning":true},"request":{"method":"DELETE","header":[],"url":{"raw":"http://localhost:8000/yemek/5","protocol":"http","host":["localhost"],"port":"8000","path":["yemek","5"]}},"response":[]}]}