{"info":{"_postman_id":"ca78bd01-689c-49fa-8cc3-19fc6895449e","name":"ButceFis","schema":"https://schema.getpostman.com/json/collection/v2.1.0/collection.json"},"item":[{"name":"getButceFis","id":"f0921010-8ceb-44c6-96a4-c87cae1f4eef","protocolProfileBehavior":{"disableBodyPruning":true},"request":{"method":"GET","header":[],"body":{"mode":"raw","raw":"{\n    \"id\": null\n}","options":{"raw":{"language":"json"}}},"url":{"raw":"http://localhost:8000/butcefis","protocol":"http","host":["localhost"],"port":"8000","path":["butcefis"]}},"response":[]},{"name":"saveButceFis","id":"2a4667bb-c8d5-47fa-9e3e-d0bcdfd5393f","protocolProfileBehavior":{"disableBodyPruning":true},"request":{"method":"POST","header":[],"body":{"mode":"raw","raw":"{\n    \"id\": 4,\n    \"ad\": \"sillllll Maaş\",\n    \"no\": \"P00001\",\n    \"gelirmi\": false,\n    \"aciklama\": \"Personel Ekim ayı gideri\",\n    \"borc\": 25000,\n    \"gerceklenen_borc\": null,\n    \"alacak\": 0,\n    \"gerceklenen_alacak\": 0,\n    \"doviz_kur\": 18.91,\n    \"doviz_borc\": 0,\n    \"gerceklenen_doviz_borc\": 0,\n    \"doviz_alacak\": 0,\n    \"gerceklenen_doviz_alacak\": 0,\n    \"olusturma_tarihi\": \"2022-10-15\",\n    \"guncelleme_tarihi\": null,\n    \"butceperiodId\": null,\n    \"departmanId\": null,\n    \"dovizcinsiId\": \"1\",\n    \"forecastyemekId\": null,\n    \"forecastodaId\": null,\n    \"forecastpersonelId\": null,\n    \"forecastdigergelirgiderId\": null,\n    \"tekrarId\": null\n}","options":{"raw":{"language":"json"}}},"url":{"raw":"http://localhost:8000/butcefis","protocol":"http","host":["localhost"],"port":"8000","path":["butcefis"]}},"response":[]},{"name":"delButceFis","id":"516b867a-dd2c-42e3-b997-b19621b6add5","protocolProfileBehavior":{"disableBodyPruning":true},"request":{"method":"DELETE","header":[],"url":{"raw":"http://localhost:8000/butcefis/3","protocol":"http","host":["localhost"],"port":"8000","path":["butcefis","3"]}},"response":[]}]}