{"info":{"_postman_id":"05aaba7c-50c8-4f25-aa89-0c5fb1c8c25b","name":"HesapAnaHesap","schema":"https://schema.getpostman.com/json/collection/v2.1.0/collection.json"},"item":[{"name":"getAnaHesap","id":"8db3b99a-188e-4a70-b90f-1357180eb1f3","protocolProfileBehavior":{"disableBodyPruning":true},"request":{"method":"GET","header":[],"body":{"mode":"raw","raw":"{\n    \"id\": null\n}","options":{"raw":{"language":"json"}}},"url":{"raw":"http://localhost:8000/hesapanahesap/","protocol":"http","host":["localhost"],"port":"8000","path":["hesapanahesap",""]}},"response":[]},{"name":"saveAnaHesap","id":"512d891b-8e40-4fab-b619-4cb59ac3d457","protocolProfileBehavior":{"disableBodyPruning":true},"request":{"method":"POST","header":[],"body":{"mode":"raw","raw":"{\n    \"id\": null,\n    \"ad\": \"TE silllllll\",\n    \"hesapgrupId\": 92\n}","options":{"raw":{"language":"json"}}},"url":{"raw":"http://localhost:8000/hesapanahesap","protocol":"http","host":["localhost"],"port":"8000","path":["hesapanahesap"]}},"response":[]},{"name":"delAnaHesap","id":"771ede78-decd-4305-ad6a-b3276bd3c0c8","protocolProfileBehavior":{"disableBodyPruning":true},"request":{"method":"DELETE","header":[],"url":{"raw":"http://localhost:8000/hesapanahesap/9999","protocol":"http","host":["localhost"],"port":"8000","path":["hesapanahesap","9999"]}},"response":[]},{"name":"getHesapAnaHesapSearchAll","id":"bcdf9987-fd23-4ac7-97a7-3b7925e7ed6e","protocolProfileBehavior":{"disableBodyPruning":true},"request":{"method":"POST","header":[],"body":{"mode":"raw","raw":"{\n    \"id\": \"-1\",\n    \"ad\": \"qwq\",\n    \"hesapgrupad\":\"se\"\n}","options":{"raw":{"language":"json"}}},"url":{"raw":"http://localhost:8000/hesapanahesap/search","protocol":"http","host":["localhost"],"port":"8000","path":["hesapanahesap","search"]}},"response":[]}]}