{"info":{"_postman_id":"0b9e6816-d976-4a69-984d-1de433acf4e5","name":"YemekGrup","schema":"https://schema.getpostman.com/json/collection/v2.1.0/collection.json"},"item":[{"name":"getYemekGrup","id":"5a495a04-9558-4a29-b6a0-d4b81cec5ec7","protocolProfileBehavior":{"disableBodyPruning":true},"request":{"method":"GET","header":[],"body":{"mode":"raw","raw":"{\n    \"id\": null\n}","options":{"raw":{"language":"json"}}},"url":{"raw":"http://localhost:8000/yemekgrup","protocol":"http","host":["localhost"],"port":"8000","path":["yemekgrup"]}},"response":[]},{"name":"saveYemekGrup","id":"b3145113-bed0-4150-8a27-59a262d0df9e","protocolProfileBehavior":{"disableBodyPruning":true},"request":{"method":"POST","header":[],"body":{"mode":"raw","raw":"{\n    \"id\": null,\n    \"ad\": \"TOSTLARgger\"\n\n}","options":{"raw":{"language":"json"}}},"url":{"raw":"http://localhost:8000/yemekgrup","protocol":"http","host":["localhost"],"port":"8000","path":["yemekgrup"]}},"response":[]},{"name":"delYemekGrup","id":"db8955be-b1f9-4f8c-a94f-8228f9a6600b","protocolProfileBehavior":{"disableBodyPruning":true},"request":{"method":"DELETE","header":[],"url":{"raw":"http://localhost:8000/yemekgrup/2","protocol":"http","host":["localhost"],"port":"8000","path":["yemekgrup","2"]}},"response":[]}]}