{"info":{"_postman_id":"1c27e73a-7cb2-4e07-9079-0658b8dfdc5f","name":"RawDb","schema":"https://schema.getpostman.com/json/collection/v2.1.0/collection.json"},"item":[{"name":"malzemedistintc","id":"640daa73-2702-4774-b3b2-b548829d7b37","protocolProfileBehavior":{"disableBodyPruning":true},"request":{"method":"GET","header":[]},"response":[]},{"name":"getYemekMalzemeMaliyet","id":"758e861d-0b2d-403c-b1cf-df10a92619fe","protocolProfileBehavior":{"disableBodyPruning":true},"request":{"method":"GET","header":[],"url":{"raw":"http://localhost:8000/rawdb/malzememaliyet/4/6","protocol":"http","host":["localhost"],"port":"8000","path":["rawdb","malzememaliyet","4","6"]}},"response":[]},{"name":"getYemekMaliyet","id":"ab877e43-1ded-4277-81f6-869ee7f15296","protocolProfileBehavior":{"disableBodyPruning":true},"request":{"method":"GET","header":[],"url":{"raw":"http://localhost:8000/rawdb/yemekmaliyet/1/6","protocol":"http","host":["localhost"],"port":"8000","path":["rawdb","yemekmaliyet","1","6"]}},"response":[]},{"name":"getYemekMiktar","id":"23ccf508-9538-467c-87a9-d1e5c41aed04","protocolProfileBehavior":{"disableBodyPruning":true},"request":{"method":"GET","header":[],"url":{"raw":"http://localhost:8000/rawdb/yemekmiktar/1","protocol":"http","host":["localhost"],"port":"8000","path":["rawdb","yemekmiktar","1"]}},"response":[]},{"name":"getOdaSayisi","id":"12f34ee1-6f4e-4be6-a9c8-184668aaca3c","protocolProfileBehavior":{"disableBodyPruning":true},"request":{"method":"GET","header":[],"url":{"raw":"http://localhost:8000/rawdb/odasayisi","protocol":"http","host":["localhost"],"port":"8000","path":["rawdb","odasayisi"]}},"response":[]},{"name":"getGecelemeSayisi","id":"c08db306-3936-4220-9042-e6c2cab66b57","protocolProfileBehavior":{"disableBodyPruning":true},"request":{"method":"GET","header":[],"url":{"raw":"http://localhost:8000/rawdb/gecelemesayisi","protocol":"http","host":["localhost"],"port":"8000","path":["rawdb","gecelemesayisi"]}},"response":[]},{"name":"getTumGelirGider","id":"47e527e8-0972-4bc2-8f92-a7f318d5a346","protocolProfileBehavior":{"disableBodyPruning":true},"request":{"method":"GET","header":[],"url":{"raw":"http://localhost:8000/rawdb/tumgelirgider","protocol":"http","host":["localhost"],"port":"8000","path":["rawdb","tumgelirgider"]}},"response":[]},{"name":"getPersonelSayisi","id":"7e5d21aa-d772-4d63-837a-2d3cbb897d31","protocolProfileBehavior":{"disableBodyPruning":true},"request":{"method":"GET","header":[],"url":{"raw":"http://localhost:8000/rawdb/personelsayisi","protocol":"http","host":["localhost"],"port":"8000","path":["rawdb","personelsayisi"]}},"response":[]},{"name":"getGecelemeMusteriSayisi","id":"94a41e57-957b-493e-99ea-7a66fca04ee5","protocolProfileBehavior":{"disableBodyPruning":true},"request":{"method":"GET","header":[],"url":{"raw":"http://localhost:8000/rawdb/gecelememusterisayisi","protocol":"http","host":["localhost"],"port":"8000","path":["rawdb","gecelememusterisayisi"]}},"response":[]},{"name":"getKategoriGelirGider","id":"da426e49-997c-4e5a-8fb3-bc089a94c8f1","protocolProfileBehavior":{"disableBodyPruning":true},"request":{"method":"GET","header":[],"url":{"raw":"http://localhost:8000/rawdb/kategorigelirgider","protocol":"http","host":["localhost"],"port":"8000","path":["rawdb","kategorigelirgider"]}},"response":[]},{"name":"getTumGelirGiderNumber","id":"8e9165f2-c867-4b4e-85be-29ed84c1b9d4","protocolProfileBehavior":{"disableBodyPruning":true},"request":{"method":"GET","header":[],"url":{"raw":"http://localhost:8000/rawdb/tumgelirgidernumber","protocol":"http","host":["localhost"],"port":"8000","path":["rawdb","tumgelirgidernumber"]}},"response":[]}]}