{"info":{"_postman_id":"22a58089-6b4f-4885-bb1c-5f9574febce4","name":"Malzeme","schema":"https://schema.getpostman.com/json/collection/v2.1.0/collection.json"},"item":[{"name":"getMalzeme","id":"c17a688b-e953-418e-bb6a-d1a823f3f033","protocolProfileBehavior":{"disableBodyPruning":true},"request":{"method":"GET","header":[],"body":{"mode":"raw","raw":"{\n    \"id\": null\n}","options":{"raw":{"language":"json"}}},"url":{"raw":"http://localhost:8000/malzeme/5","protocol":"http","host":["localhost"],"port":"8000","path":["malzeme","5"]}},"response":[]},{"name":"saveMalzeme","id":"585c89c2-a7e0-41c9-bf85-0ce923cb6280","protocolProfileBehavior":{"disableBodyPruning":true},"request":{"method":"POST","header":[],"body":{"mode":"raw","raw":"{\n    \"id\": null,\n    \"miktar\": 587,\n    \"birim_fiyat\": 12,\n    \"malzemebaseId\": null\n}","options":{"raw":{"language":"json"}}},"url":{"raw":"http://localhost:8000/malzeme","protocol":"http","host":["localhost"],"port":"8000","path":["malzeme"]}},"response":[]},{"name":"delMalzeme","id":"427ce773-577f-45ee-a3f4-4a5f5d42eff1","protocolProfileBehavior":{"disableBodyPruning":true},"request":{"method":"DELETE","header":[],"url":{"raw":"http://localhost:8000/malzeme/3","protocol":"http","host":["localhost"],"port":"8000","path":["malzeme","3"]}},"response":[]}]}