{"info":{"_postman_id":"363f22a1-4b15-49c7-ba6e-c87ef72e69e6","name":"MalzemeFiyat","schema":"https://schema.getpostman.com/json/collection/v2.1.0/collection.json"},"item":[{"name":"getMalzemeFiyatAllFieldSearch","id":"5050452d-07db-4a8b-86dc-06c7ad918994","protocolProfileBehavior":{"disableBodyPruning":true},"request":{"method":"POST","header":[],"body":{"mode":"raw","raw":"{\n    \"id\": \"-1\",\n    \"butceperiodad\": \"pas\",\n    \"malzemebasead\": \"pas\",\n    \"birim_fiyat\": -1\n}","options":{"raw":{"language":"json"}}},"url":{"raw":"http://localhost:8000/malzemefiyat/search","protocol":"http","host":["localhost"],"port":"8000","path":["malzemefiyat","search"]}},"response":[]}]}