{"info":{"_postman_id":"3778bd52-540b-4626-b2b5-3e3525e2e64d","name":"ButcePeriod","schema":"https://schema.getpostman.com/json/collection/v2.1.0/collection.json"},"item":[{"name":"getButcePeriod","id":"8a71b1d9-b64e-45b1-a0cb-f5c32246ac35","protocolProfileBehavior":{"disableBodyPruning":true},"request":{"method":"GET","header":[],"url":{"raw":"http://localhost:8000/butceperiod/","protocol":"http","host":["localhost"],"port":"8000","path":["butceperiod",""]}},"response":[]},{"name":"saveButcePeriod","id":"43a26f7c-4cb9-4942-978f-49d32c239014","protocolProfileBehavior":{"disableBodyPruning":true},"request":{"method":"POST","header":[],"body":{"mode":"raw","raw":"{\n    \"id\": \"\",\n    \"ad\": \"EKİM\",\n    \"baslama_tarihi\": null,\n    \"bitis_tarihi\": null,\n    \"tahmini_enflasyon\": 1,\n    \"butceId\": 1\n}","options":{"raw":{"language":"json"}}},"url":{"raw":"http://localhost:8000/butceperiod/","protocol":"http","host":["localhost"],"port":"8000","path":["butceperiod",""]}},"response":[]},{"name":"delButcePeriod","id":"24c0dba2-9195-41b3-8c2c-7d0d1f2b9423","protocolProfileBehavior":{"disableBodyPruning":true},"request":{"method":"DELETE","header":[],"url":{"raw":"http://localhost:8000/butceperiod/2","protocol":"http","host":["localhost"],"port":"8000","path":["butceperiod","2"]}},"response":[]},{"name":"getAllFieldSearch","id":"146c0a1c-2250-4ab9-be0c-7e0eb320ebfb","protocolProfileBehavior":{"disableBodyPruning":true},"request":{"method":"POST","header":[],"body":{"mode":"raw","raw":"{\n    \"id\": -1,\n    \"ad\": \"ocak\",\n    \"tahmini_enflasyon\": -1,\n    \"butcead\": \"ocak\"\n}","options":{"raw":{"language":"json"}}},"url":{"raw":"http://localhost:8000/butceperiod/search","protocol":"http","host":["localhost"],"port":"8000","path":["butceperiod","search"]}},"response":[]},{"name":"getButcePeriodForSelect","id":"de9bdaa5-d261-412c-946a-d14627e94a72","protocolProfileBehavior":{"disableBodyPruning":true},"request":{"method":"GET","header":[],"url":{"raw":"http://localhost:8000/butceperiod/forselect","protocol":"http","host":["localhost"],"port":"8000","path":["butceperiod","forselect"]}},"response":[]}]}