{"info":{"_postman_id":"37c25b5e-9ab4-4d10-97c9-48afd9403386","name":"ForecastOda","schema":"https://schema.getpostman.com/json/collection/v2.1.0/collection.json"},"item":[{"name":"getForecastOda","id":"118b3eb3-c9e4-44ec-a18c-36e8f2515d02","protocolProfileBehavior":{"disableBodyPruning":true},"request":{"method":"GET","header":[],"url":{"raw":"http://localhost:8000/forecastoda","protocol":"http","host":["localhost"],"port":"8000","path":["forecastoda"]}},"response":[]},{"name":"saveForecastOda","id":"7e11f6b7-e143-462e-80fd-0d4c1db12752","protocolProfileBehavior":{"disableBodyPruning":true},"request":{"method":"POST","header":[],"body":{"mode":"raw","raw":"{\n    \"id\": \"\",\n    \"doluluk_oran\": \"-1\",\n    \"indirim_oran\": \"-1\",\n    \"geceleme_sayisi\": null,\n    \"maliyet_fiyat\": null,\n    \"satis_fiyat\": null,\n    \"odaId\": null,\n    \"butceperiodId\": null,\n    \"maliyethesapyontemId\": null,\n    \"fiyatlamayontemId\": null,\n    \"hesapaltkartId\": null\n}","options":{"raw":{"language":"json"}}},"url":{"raw":"http://localhost:8000/forecastoda","protocol":"http","host":["localhost"],"port":"8000","path":["forecastoda"]}},"response":[]},{"name":"delForecastOda","id":"484702b8-a0b1-402b-a64e-39e51b2bd344","protocolProfileBehavior":{"disableBodyPruning":true},"request":{"method":"DELETE","header":[],"url":{"raw":"http://localhost:8000/forecastoda/4","protocol":"http","host":["localhost"],"port":"8000","path":["forecastoda","4"]}},"response":[]},{"name":"getForecastOdaSearch","id":"2f779fe4-1db8-4818-a4ea-252b1b521eb1","protocolProfileBehavior":{"disableBodyPruning":true},"request":{"method":"POST","header":[],"body":{"mode":"raw","raw":"{\n    \"id\": -1,\n    \"odaad\": \"ka\",\n    \"butceperiodad\": \"ka\",\n    \"maliyethesapyontemad\": \"ka\",\n    \"fiyatlamayontemad\": \"ka\",\n    \"hesapaltkartad\": \"ka\",\n    \"geceleme_sayisi\": 999999999,\n    \"maliyet_fiyat\": 999999999,\n    \"satis_fiyat\": 999999999\n}","options":{"raw":{"language":"json"}}},"url":{"raw":"http://localhost:8000/forecastoda/search","protocol":"http","host":["localhost"],"port":"8000","path":["forecastoda","search"]}},"response":[]},{"name":"getForecastOdaAllOrdered","id":"26f9ebb7-b25a-4414-bbac-108e76706ae0","protocolProfileBehavior":{"disableBodyPruning":true},"request":{"method":"POST","header":[],"body":{"mode":"raw","raw":"{\n    \"field\": \"ad\",\n    \"ascdesc\": \"ASC\",\n    \"model\": \"HesapAltKart\"\n}","options":{"raw":{"language":"json"}}},"url":{"raw":"http://localhost:8000/forecastoda/order","protocol":"http","host":["localhost"],"port":"8000","path":["forecastoda","order"]}},"response":[]},{"name":"getForecastOdaForSelect","id":"e745fdb8-d59f-417f-904d-7df27d123795","protocolProfileBehavior":{"disableBodyPruning":true},"request":{"method":"GET","header":[],"url":{"raw":"http://localhost:8000/forecastoda/forselect","protocol":"http","host":["localhost"],"port":"8000","path":["forecastoda","forselect"]}},"response":[]}]}