{"info":{"_postman_id":"3cbaf8e5-6f5f-4d5f-8b91-c5a7ceada187","name":"DovizTarihce","schema":"https://schema.getpostman.com/json/collection/v2.1.0/collection.json"},"item":[{"name":"getDovizTarihce","id":"bc2bd47d-bb5c-4c6b-8472-70d7bc8f0432","protocolProfileBehavior":{"disableBodyPruning":true},"request":{"method":"GET","header":[],"url":{"raw":"http://localhost:8000/doviztarihce/","protocol":"http","host":["localhost"],"port":"8000","path":["doviztarihce",""]}},"response":[]},{"name":"saveDovizTarihce","id":"58d13771-395e-4f14-b094-56bf131ad221","protocolProfileBehavior":{"disableBodyPruning":true},"request":{"method":"POST","header":[],"body":{"mode":"raw","raw":"{\n    \"id\":5,\n    \"tarih\": null,\n    \"alis\": 45458.50,\n    \"satis\": 19.25,\n    \"efektif_alis\": null,\n    \"efektif_satis\": 25.02,\n    \"parite\": 7,\n    \"dovizcinsiId\": 4\n}","options":{"raw":{"language":"json"}}},"url":{"raw":"http://localhost:8000/doviztarihce","protocol":"http","host":["localhost"],"port":"8000","path":["doviztarihce"]}},"response":[]},{"name":"delDovizTarihce","id":"dc11c5e7-2f94-438c-a567-bab326904ea3","protocolProfileBehavior":{"disableBodyPruning":true},"request":{"method":"DELETE","header":[],"url":{"raw":"http://localhost:8000/doviztarihce/2","protocol":"http","host":["localhost"],"port":"8000","path":["doviztarihce","2"]}},"response":[]}]}