{"info":{"_postman_id":"5c3f4c6a-171a-44fe-816c-30d844e40d67","name":"MalzemeBase","schema":"https://schema.getpostman.com/json/collection/v2.1.0/collection.json"},"item":[{"name":"getMalzemeBase","id":"6cd08b15-af4f-4e5e-9d8d-df7ac8ac1d7e","protocolProfileBehavior":{"disableBodyPruning":true},"request":{"method":"GET","header":[],"url":{"raw":"http://localhost:8000/malzemebase/birim/6","protocol":"http","host":["localhost"],"port":"8000","path":["malzemebase","birim","6"]}},"response":[]},{"name":"saveMalzemeBase","id":"07c75587-318c-442b-b066-2290b28b8735","protocolProfileBehavior":{"disableBodyPruning":true},"request":{"method":"POST","header":[],"body":{"mode":"raw","raw":"{\n    \"id\": 3,\n    \"ad\": \"patlıcan\",\n    \"kod\": null,\n    \"parentkod\": \"S000\",\n    \"fire_orani\": 0.54,\n    \"birimId\": 1,\n    \"malzemebaseId\": 1\n}","options":{"raw":{"language":"json"}}},"url":{"raw":"http://localhost:8000/malzemebase/","protocol":"http","host":["localhost"],"port":"8000","path":["malzemebase",""]}},"response":[]},{"name":"delMalzemeBase","id":"937133a6-df21-46f5-9f58-a241fa48b3c2","protocolProfileBehavior":{"disableBodyPruning":true},"request":{"method":"DELETE","header":[],"url":{"raw":"http://localhost:8000/malzemebase/1","protocol":"http","host":["localhost"],"port":"8000","path":["malzemebase","1"]}},"response":[]}]}