{"info":{"_postman_id":"67f6ebe7-4f2f-4e5e-b777-1d11b82e467f","name":"HesapKart","schema":"https://schema.getpostman.com/json/collection/v2.1.0/collection.json"},"item":[{"name":"getHesapKart","id":"3eed2062-e1bf-4abd-881f-2edf590d4552","protocolProfileBehavior":{"disableBodyPruning":true},"request":{"method":"GET","header":[],"url":{"raw":"http://localhost:8000/hesapkart","protocol":"http","host":["localhost"],"port":"8000","path":["hesapkart"]}},"response":[]},{"name":"saveHesapKart","id":"93edbd31-4f46-4ae4-b5c1-78252443dfd9","protocolProfileBehavior":{"disableBodyPruning":true},"request":{"method":"POST","header":[],"body":{"mode":"raw","raw":"{\n    \"id\": null,\n    \"ad\": \"wewqeqweqweqweqwe\",\n    \"hesapalthesapId\": 92101\n}","options":{"raw":{"language":"json"}}},"url":{"raw":"http://localhost:8000/hesapkart","protocol":"http","host":["localhost"],"port":"8000","path":["hesapkart"]}},"response":[]},{"name":"delHesapKart","id":"a8d85301-dd9d-4928-9458-0cc8557dc152","protocolProfileBehavior":{"disableBodyPruning":true},"request":{"method":"DELETE","header":[],"url":{"raw":"http://localhost:8000/hesapkart/9999","protocol":"http","host":["localhost"],"port":"8000","path":["hesapkart","9999"]}},"response":[]}]}