{"info":{"_postman_id":"a04f5fe2-f937-473b-a548-fa348edd14a8","name":"ForecastYemek","schema":"https://schema.getpostman.com/json/collection/v2.1.0/collection.json"},"item":[{"name":"getForecastYemek","id":"9348e3b3-064d-4d13-8941-4868337922fd","protocolProfileBehavior":{"disableBodyPruning":true},"request":{"method":"GET","header":[],"body":{"mode":"raw","raw":"{\n    \"id\": null\n}","options":{"raw":{"language":"json"}}},"url":{"raw":"http://localhost:8000/forecastyemek","protocol":"http","host":["localhost"],"port":"8000","path":["forecastyemek"]}},"response":[]},{"name":"saveForecastemek","id":"b588e017-ffa4-42da-b116-804cd0332f47","protocolProfileBehavior":{"disableBodyPruning":true},"request":{"method":"POST","header":[],"body":{"mode":"raw","raw":"{\n    \"id\": 5,\n    \"miktar\": 231421321,\n    \"satis_fiyat\": 65.47,\n    \"maliyet_fiyat\": null,\n    \"yemekId\": null,\n    \"maliyethesapyontemId\": null,\n    \"fiyatlamayontemId\": null,\n    \"butceperiodId\": null,\n    \"hesapaltkartId\": null\n}","options":{"raw":{"language":"json"}}},"url":{"raw":"http://localhost:8000/forecastyemek","protocol":"http","host":["localhost"],"port":"8000","path":["forecastyemek"]}},"response":[]},{"name":"delForecastYemek","id":"112ae5d4-da4c-496f-ab75-c3d23637fc2d","protocolProfileBehavior":{"disableBodyPruning":true},"request":{"method":"DELETE","header":[],"url":{"raw":"http://localhost:8000/forecastyemek/3","protocol":"http","host":["localhost"],"port":"8000","path":["forecastyemek","3"]}},"response":[]},{"name":"getForecastYemekForSelect","id":"8b667ca2-e0c2-4dc8-8311-d379cd392bb4","protocolProfileBehavior":{"disableBodyPruning":true},"request":{"method":"GET","header":[],"url":{"raw":"http://localhost:8000/forecastyemek/forselect","protocol":"http","host":["localhost"],"port":"8000","path":["forecastyemek","forselect"]}},"response":[]}]}