{"info":{"_postman_id":"a3b81ed7-3f0f-496a-8f69-1032966a86ec","name":"Tekrar","schema":"https://schema.getpostman.com/json/collection/v2.1.0/collection.json"},"item":[{"name":"getTekrar","id":"61fbff07-4c65-443e-a11d-1fa422e625ff","protocolProfileBehavior":{"disableBodyPruning":true},"request":{"method":"GET","header":[],"body":{"mode":"raw","raw":"{\n    \"id\": null\n}","options":{"raw":{"language":"json"}}},"url":{"raw":"http://localhost:8000/tekrar","protocol":"http","host":["localhost"],"port":"8000","path":["tekrar"]}},"response":[]},{"name":"saveTekrar","id":"021ede04-eb4b-403f-b61a-223ab2af0817","protocolProfileBehavior":{"disableBodyPruning":true},"request":{"method":"POST","header":[],"body":{"mode":"raw","raw":"{\n    \"id\": null,\n    \"ad\": \"HAFTALIK\",\n    \"tekrar_gun_sayisi\": 7\n}","options":{"raw":{"language":"json"}}},"url":{"raw":"http://localhost:8000/tekrar","protocol":"http","host":["localhost"],"port":"8000","path":["tekrar"]}},"response":[]},{"name":"delTekrar","id":"e52b738f-f186-4e25-a812-aa77ac7fda9d","protocolProfileBehavior":{"disableBodyPruning":true},"request":{"method":"DELETE","header":[],"url":{"raw":"http://localhost:8000/tekrar/2","protocol":"http","host":["localhost"],"port":"8000","path":["tekrar","2"]}},"response":[]},{"name":"getTekrarForSelect","id":"bfcc12db-394f-4421-bb24-67ef025fa2a2","protocolProfileBehavior":{"disableBodyPruning":true},"request":{"method":"GET","header":[],"url":{"raw":"http://localhost:8000/tekrar/forselect","protocol":"http","host":["localhost"],"port":"8000","path":["tekrar","forselect"]}},"response":[]}]}