{"info":{"_postman_id":"a5f5fd91-1b1f-4d5a-8ce9-076c11a622fa","name":"HesapSinif","schema":"https://schema.getpostman.com/json/collection/v2.1.0/collection.json"},"item":[{"name":"getHesapSinif","id":"28761edd-0f22-459a-95cf-f9357b6008ea","protocolProfileBehavior":{"disableBodyPruning":true},"request":{"method":"GET","header":[],"body":{"mode":"raw","raw":"{\n    \"id\": null\n}","options":{"raw":{"language":"json"}}},"url":{"raw":"http://localhost:8000/hesapsinif","protocol":"http","host":["localhost"],"port":"8000","path":["hesapsinif"]}},"response":[]},{"name":"saveHesapSinif","id":"f8c08147-95c2-4180-8084-ad3a3df1264c","protocolProfileBehavior":{"disableBodyPruning":true},"request":{"method":"POST","header":[],"body":{"mode":"raw","raw":"{\n    \"id\": 123,\n    \"ad\": \"silllllllllllll\"\n}","options":{"raw":{"language":"json"}}},"url":{"raw":"http://localhost:8000/hesapsinif","protocol":"http","host":["localhost"],"port":"8000","path":["hesapsinif"]}},"response":[]},{"name":"delHesapSinif","id":"32c01dcd-d0d7-4bd8-ab05-aea5e1d82ff0","protocolProfileBehavior":{"disableBodyPruning":true},"request":{"method":"DELETE","header":[],"url":{"raw":"http://localhost:8000/hesapsinif/123","protocol":"http","host":["localhost"],"port":"8000","path":["hesapsinif","123"]}},"response":[]},{"name":"getHesapSinifSearchAll","id":"034441e4-0b55-4fb7-84e8-8782de2e1d23","protocolProfileBehavior":{"disableBodyPruning":true},"request":{"method":"POST","header":[],"body":{"mode":"raw","raw":"{\n    \"id\": \"null\",\n    \"ad\": \"du\"\n}","options":{"raw":{"language":"json"}}},"url":{"raw":"http://localhost:8000/hesapsinif/search","protocol":"http","host":["localhost"],"port":"8000","path":["hesapsinif","search"]}},"response":[]},{"name":"getHesapSinifForSelector","id":"d744af80-f9ac-4e41-ab40-cf7d07f10bd1","protocolProfileBehavior":{"disableBodyPruning":true},"request":{"method":"GET","header":[],"url":{"raw":"http://localhost:8000/hesapsinif/forselector","protocol":"http","host":["localhost"],"port":"8000","path":["hesapsinif","forselector"]}},"response":[]}]}