{"info":{"_postman_id":"aa039e67-1fcf-424b-9399-f45c4f4978fa","name":"DigerGelirGider","schema":"https://schema.getpostman.com/json/collection/v2.1.0/collection.json"},"item":[{"name":"getDigerGelirGider","id":"62080321-0207-42fe-8b30-022bc77c6bfc","protocolProfileBehavior":{"disableBodyPruning":true},"request":{"method":"GET","header":[],"url":{"raw":"http://localhost:8000/digergelirgider/","protocol":"http","host":["localhost"],"port":"8000","path":["digergelirgider",""]}},"response":[]},{"name":"saveDigerGelirGider","id":"9682903a-33ea-4dc8-88d5-e533d259f8aa","protocolProfileBehavior":{"disableBodyPruning":true},"request":{"method":"POST","header":[],"body":{"mode":"raw","raw":"{\n      \"ad\": \"Temizlik Bezi\",\n      \"aciklama\": \"aciklama\",\n      \"birim_fiyat\": 15,\n      \"departmanId\": 1,\n      \"birimId\": 1,\n      \"maliyethesapyontemId\": 1\n}","options":{"raw":{"language":"json"}}},"url":{"raw":"http://localhost:8000/digergelirgider","protocol":"http","host":["localhost"],"port":"8000","path":["digergelirgider"]}},"response":[]},{"name":"delDigerGelirGider","id":"3657bb3e-13c6-455c-aa00-9f0d0a41b584","protocolProfileBehavior":{"disableBodyPruning":true},"request":{"method":"DELETE","header":[],"url":{"raw":"http://localhost:8000/digergelirgider/2","protocol":"http","host":["localhost"],"port":"8000","path":["digergelirgider","2"]}},"response":[]}]}