{"info":{"_postman_id":"b43eae50-0b0e-45fe-a3ac-32e88d50c9bc","name":"HesapAltHesap","schema":"https://schema.getpostman.com/json/collection/v2.1.0/collection.json"},"item":[{"name":"getAltHesap","id":"723109d4-3f37-4add-99f7-9bcccc62d887","protocolProfileBehavior":{"disableBodyPruning":true},"request":{"method":"GET","header":[],"body":{"mode":"raw","raw":"{\n    \"id\": null\n}","options":{"raw":{"language":"json"}}},"url":{"raw":"http://localhost:8000/hesapalthesap","protocol":"http","host":["localhost"],"port":"8000","path":["hesapalthesap"]}},"response":[]},{"name":"saveAltHesap","id":"7353de3d-464d-43be-a57d-d27e716bfa83","protocolProfileBehavior":{"disableBodyPruning":true},"request":{"method":"POST","header":[],"body":{"mode":"raw","raw":"{\n    \"id\": null,\n    \"ad\":\" değiş\",\n    \"hesapanahesapId\" : 916\n}","options":{"raw":{"language":"json"}}},"url":{"raw":"http://localhost:8000/hesapalthesap","protocol":"http","host":["localhost"],"port":"8000","path":["hesapalthesap"]}},"response":[]},{"name":"delAltHesap","id":"944dd8d1-4389-4bf5-9b4c-e54fd60444e4","protocolProfileBehavior":{"disableBodyPruning":true},"request":{"method":"DELETE","header":[],"url":{"raw":"http://localhost:8000/hesapalthesap/7777","protocol":"http","host":["localhost"],"port":"8000","path":["hesapalthesap","7777"]}},"response":[]}]}