{"info":{"_postman_id":"c88b00c7-73b4-4915-9c77-52d8784c1c51","name":"Departman","schema":"https://schema.getpostman.com/json/collection/v2.1.0/collection.json"},"item":[{"name":"getDepartman","id":"4a3df4f0-74b9-41a1-841a-6dffe974edd9","protocolProfileBehavior":{"disableBodyPruning":true},"request":{"method":"GET","header":[],"url":{"raw":"http://localhost:8000/departman/","protocol":"http","host":["localhost"],"port":"8000","path":["departman",""]}},"response":[]},{"name":"saveDepartman","id":"42c40a7c-d7a8-4fda-ace1-d8980f8ba614","protocolProfileBehavior":{"disableBodyPruning":true},"request":{"method":"POST","header":[],"body":{"mode":"raw","raw":"{\n    \"id\": null,\n    \"ad\": \"oda temizlik\",\n    \"kod\": \"D00013\",\n    \"departmanId\": 2\n}","options":{"raw":{"language":"json"}}},"url":{"raw":"http://localhost:8000/departman","protocol":"http","host":["localhost"],"port":"8000","path":["departman"]}},"response":[]},{"name":"delDepartman","id":"86ba9c4e-9b8e-4c45-aac2-80f36b1f543e","protocolProfileBehavior":{"disableBodyPruning":true},"request":{"method":"DELETE","header":[],"url":{"raw":"http://localhost:8000/departman/2","protocol":"http","host":["localhost"],"port":"8000","path":["departman","2"]}},"response":[]},{"name":"getDepartmanForSelect","id":"5cd15673-5738-474d-8881-7e6201de891a","protocolProfileBehavior":{"disableBodyPruning":true},"request":{"method":"GET","header":[],"url":{"raw":"http://localhost:8000/departman/forselect","protocol":"http","host":["localhost"],"port":"8000","path":["departman","forselect"]}},"response":[]}]}