{"info":{"_postman_id":"ca78bd01-689c-49fa-8cc3-19fc6895449e","name":"ButceFisi","schema":"https://schema.getpostman.com/json/collection/v2.1.0/collection.json"},"item":[{"name":"getButceFisi","id":"f0921010-8ceb-44c6-96a4-c87cae1f4eef","protocolProfileBehavior":{"disableBodyPruning":true},"request":{"method":"GET","header":[],"url":{"raw":"http://localhost:8000/butcefisi/","protocol":"http","host":["localhost"],"port":"8000","path":["butcefisi",""]}},"response":[]},{"name":"saveButceFisi","id":"2a4667bb-c8d5-47fa-9e3e-d0bcdfd5393f","protocolProfileBehavior":{"disableBodyPruning":true},"request":{"method":"POST","header":[],"body":{"mode":"raw","raw":"{\n    \"id\": null,\n    \"ad\": \"sillllll Maaş\",\n    \"no\": \"P00001\",\n    \"gelirmi\": false,\n    \"aciklama\": \"Personel Ekim ayı gideri\",\n    \"borc\": 25000,\n    \"gerceklenen_borc\": null,\n    \"alacak\": 0,\n    \"gerceklenen_alacak\": 0,\n    \"doviz_kur\": 18.91,\n    \"doviz_borc\": 0,\n    \"gerceklenen_doviz_borc\": 0,\n    \"doviz_alacak\": 0,\n    \"gerceklenen_doviz_alacak\": 0,\n    \"olusturma_tarihi\": \"2022-10-15\",\n    \"guncelleme_tarihi\": null,\n    \"departmanId\": null,\n    \"dovizcinsiId\": \"1\",\n    \"forecastyemekId\": null,\n    \"forecastodaId\": null,\n    \"forecastpersonelId\": null,\n    \"forecastdigergelirgiderId\": null,\n    \"tekrarId\": null\n}","options":{"raw":{"language":"json"}}},"url":{"raw":"http://localhost:8000/butcefisi","protocol":"http","host":["localhost"],"port":"8000","path":["butcefisi"]}},"response":[]},{"name":"delButceFisi","id":"516b867a-dd2c-42e3-b997-b19621b6add5","protocolProfileBehavior":{"disableBodyPruning":true},"request":{"method":"DELETE","header":[],"url":{"raw":"http://localhost:8000/butcefisi/3","protocol":"http","host":["localhost"],"port":"8000","path":["butcefisi","3"]}},"response":[]},{"name":"getButceFisiGelirOdaAll","id":"035ca354-4a32-4bb0-9f66-c5b51c2543d5","protocolProfileBehavior":{"disableBodyPruning":true},"request":{"method":"GET","header":[],"url":{"raw":"http://localhost:8000/butcefisi/forgelirgideroda/true","protocol":"http","host":["localhost"],"port":"8000","path":["butcefisi","forgelirgideroda","true"]}},"response":[]},{"name":"getButceFisiOdaGelirOrdered","id":"c1fa70fc-e9d3-4c26-b36b-4cc6dce3fe7c","protocolProfileBehavior":{"disableBodyPruning":true},"request":{"method":"POST","header":[],"body":{"mode":"raw","raw":"{\n    \"field\":\"ad\",\n    \"ascdesc\":\"DESC\",\n    \"model\":\"self\",\n    \"tf\":\"true\"\n}","options":{"raw":{"language":"json"}}},"url":{"raw":"http://localhost:8000/butcefisi/orderodagelir","protocol":"http","host":["localhost"],"port":"8000","path":["butcefisi","orderodagelir"]}},"response":[]},{"name":"getButceFisiOdaSearch","id":"cadc4ec1-cf06-4644-b7ac-852d6c1c9fc1","protocolProfileBehavior":{"disableBodyPruning":true},"request":{"method":"POST","header":[],"body":{"mode":"raw","raw":"{\n    \"id\": -1,\n    \"ad\": \"kl\",\n    \"dovizcinsiad\": \"kl\",\n    \"forecastodaad\": \"kl\",\n    \"departmanad\": \"kl\",\n    \"tekrarad\": \"kl\",\n    \"aciklama\": \"kl\",\n    \"tf\": true\n}","options":{"raw":{"language":"json"}}},"url":{"raw":"http://localhost:8000/butcefisi/searchoda","protocol":"http","host":["localhost"],"port":"8000","path":["butcefisi","searchoda"]}},"response":[]}]}