{"info":{"_postman_id":"e535c20d-aa94-4e43-85bc-a216ae9c3c1d","name":"Butce","schema":"https://schema.getpostman.com/json/collection/v2.1.0/collection.json"},"item":[{"name":"getButce","id":"300d482e-f144-48d0-95d6-6d44337332fa","protocolProfileBehavior":{"disableBodyPruning":true},"request":{"method":"GET","header":[],"url":{"raw":"http://localhost:8000/butce/","protocol":"http","host":["localhost"],"port":"8000","path":["butce",""]}},"response":[]},{"name":"saveButce","id":"9eab4911-2997-4251-b08f-85bb048361c4","protocolProfileBehavior":{"disableBodyPruning":true},"request":{"method":"POST","header":[],"body":{"mode":"raw","raw":"{\n    \"id\": null,\n    \"ad\": \"X Otel 2023 Bütçesi\",\n    \"yil\": \"2023\",\n    \"onay_durumu\": false,\n    \"tahmini_enflasyon\": 0.80\n}","options":{"raw":{"language":"json"}}},"url":{"raw":"http://localhost:8000/butce","protocol":"http","host":["localhost"],"port":"8000","path":["butce"]}},"response":[]},{"name":"delButce","id":"9a417f02-69eb-47f8-ba13-61d258f82461","protocolProfileBehavior":{"disableBodyPruning":true},"request":{"method":"DELETE","header":[],"url":{"raw":"http://localhost:8000/butce/3","protocol":"http","host":["localhost"],"port":"8000","path":["butce","3"]}},"response":[]},{"name":"getAllFiledSearch","id":"50b8d1b6-97de-44af-9390-24b95819b723","protocolProfileBehavior":{"disableBodyPruning":true},"request":{"method":"POST","header":[],"body":{"mode":"raw","raw":"{\n    \"id\": -1,\n    \"ad\": \"false\",\n    \"yil\": \"false\",\n    \"tahmini_enflasyon\": -1\n}","options":{"raw":{"language":"json"}}},"url":{"raw":"http://localhost:8000/butce/search","protocol":"http","host":["localhost"],"port":"8000","path":["butce","search"]}},"response":[]},{"name":"getTrueorFalse","id":"a14fe268-ed9a-446c-9272-923770fa6dc5","protocolProfileBehavior":{"disableBodyPruning":true},"request":{"method":"POST","header":[],"body":{"mode":"raw","raw":"{\n    \"tf\": \"false\"\n}","options":{"raw":{"language":"json"}}},"url":{"raw":"http://localhost:8000/butce/search/truefalse","protocol":"http","host":["localhost"],"port":"8000","path":["butce","search","truefalse"]}},"response":[]},{"name":"getButceForSelector","id":"2ac24a2c-d825-4cf8-b0d8-8ac4b9cf5dc6","protocolProfileBehavior":{"disableBodyPruning":true},"request":{"method":"GET","header":[],"url":{"raw":"http://localhost:8000/butce/forselector","protocol":"http","host":["localhost"],"port":"8000","path":["butce","forselector"]}},"response":[]}]}