{"info":{"_postman_id":"f1e35515-516b-4379-be53-77734ed6e4fe","name":"MalzemeFiyatDuzeltme","schema":"https://schema.getpostman.com/json/collection/v2.1.0/collection.json"},"item":[{"name":"getMalzemeFiyatDuzeltmeForSelect","id":"134f81ea-b12d-48bb-a668-75abdc6b434c","protocolProfileBehavior":{"disableBodyPruning":true},"request":{"method":"GET","header":[],"url":{"raw":"http://localhost:8000/malzemefiyatduzeltme/forselect","protocol":"http","host":["localhost"],"port":"8000","path":["malzemefiyatduzeltme","forselect"]}},"response":[]}]}