{"info":{"_postman_id":"f8e66f72-31cf-48c0-bfce-e48a63f668d1","name":"YemekMalzeme","schema":"https://schema.getpostman.com/json/collection/v2.1.0/collection.json"},"item":[{"name":"getYemekMalzeme","id":"056833e2-e608-42b0-a94a-f827828d302a","protocolProfileBehavior":{"disableBodyPruning":true},"request":{"method":"GET","header":[],"url":{"raw":"http://localhost:8000/yemekmalzeme/byyemek/1","protocol":"http","host":["localhost"],"port":"8000","path":["yemekmalzeme","byyemek","1"]}},"response":[]},{"name":"saveYemekMalzeme","id":"9e84ecb6-31af-4a92-8e02-9d7de5614f7a","protocolProfileBehavior":{"disableBodyPruning":true},"request":{"method":"POST","header":[],"body":{"mode":"raw","raw":"{\n    \"id\": null,\n    \"yemekId\": 1,\n    \"malzemeId\": 2\n}","options":{"raw":{"language":"json"}}},"url":{"raw":"http://localhost:8000/yemekmalzeme","protocol":"http","host":["localhost"],"port":"8000","path":["yemekmalzeme"]}},"response":[]},{"name":"delYemekMalzeme","id":"ec16a2fc-5cbf-4b43-8311-8f66589fe785","protocolProfileBehavior":{"disableBodyPruning":true},"request":{"method":"DELETE","header":[],"url":{"raw":"http://localhost:8000/yemekmalzeme/2","protocol":"http","host":["localhost"],"port":"8000","path":["yemekmalzeme","2"]}},"response":[]},{"name":"getYemekMalzemeAllOrdered","id":"e83bd7ec-0fc0-4736-bac3-d2ab7b2d8c5f","protocolProfileBehavior":{"disableBodyPruning":true},"request":{"method":"POST","header":[],"body":{"mode":"raw","raw":"{\n    \"field\": \"id\",\n    \"ascdesc\": \"ASC\",\n    \"model\": \"self\"\n}","options":{"raw":{"language":"json"}}},"url":{"raw":"http://localhost:8000/yemekmalzeme/order","protocol":"http","host":["localhost"],"port":"8000","path":["yemekmalzeme","order"]}},"response":[]}]}