{"info":{"_postman_id":"fa0cd3fc-2725-457b-a49b-7a3d9b6913f2","name":"Birim","schema":"https://schema.getpostman.com/json/collection/v2.1.0/collection.json"},"item":[{"name":"getBirim","id":"81f80413-7af3-43f6-8444-8e19e0e92282","protocolProfileBehavior":{"disableBodyPruning":true},"request":{"method":"GET","header":[],"url":{"raw":"http://localhost:8000/birim/","protocol":"http","host":["localhost"],"port":"8000","path":["birim",""]}},"response":[]},{"name":"saveBirim","id":"cd0507f5-1392-41e7-bb69-70454463d69e","protocolProfileBehavior":{"disableBodyPruning":true,"disabledSystemHeaders":{}},"request":{"method":"POST","header":[],"body":{"mode":"raw","raw":"{\n    \"id\": null,\n    \"ad\": \"brm\"\n}","options":{"raw":{"language":"json"}}},"url":{"raw":"http://localhost:8000/birim","protocol":"http","host":["localhost"],"port":"8000","path":["birim"]}},"response":[]},{"name":"delBirim","id":"9469d8c0-ca49-49d5-a0e8-f76b1dfab902","protocolProfileBehavior":{"disableBodyPruning":true},"request":{"method":"DELETE","header":[],"url":{"raw":"http://localhost:8000/birim/11","protocol":"http","host":["localhost"],"port":"8000","path":["birim","11"]}},"response":[]},{"name":"getBirimSearchAll","id":"9a4178bd-0457-46c9-aede-8707e51c6d7b","protocolProfileBehavior":{"disableBodyPruning":true},"request":{"method":"POST","header":[],"body":{"mode":"raw","raw":"{\n    \"ad\":\"kel\"\n}","options":{"raw":{"language":"json"}}},"url":{"raw":"http://localhost:8000/birim/search","protocol":"http","host":["localhost"],"port":"8000","path":["birim","search"]}},"response":[]}]}